definicion.id,definicion.defi
,"TheBicycle말s a Catalyst for Nature Conservation. Posted on April 28, 2013 by Russell Galt Bookmark and Share. Russell Galt..."
,A막icycle말s a vehicle for a fair bit of of highway law and when we are formulating Traffic Regulation Orders (Traffic Management Orders in...
,"TheBicycle말s a Catalyst for Nature Conservation. Posted on April 28, 2013 by Russell Galt Bookmark and Share. Russell Galt..."
,The막icycle말s a simple solution to some of the world's most complicated problems.
,A막icycle말s a vehicle for a fair bit of of highway law and when we are formulating Traffic Regulation Orders (Traffic Management Orders in...
,"The Bicycle Is a Mighty Machine (and Metaphor) (January 15, 2011) The bicycle is both a ... A막icycle말s a relatively easy to repair machine. It lends itself to repair..."
,The막icycle말s a simple solution to some of the world's most complicated problems.
,"the막icycle말s a simple solution. By. anonymous. July 2, 2012 Posted in: cool, meme, misc, tech Prev Random Next. the bicycle is a simple solution."
,"The Bicycle Is a Mighty Machine (and Metaphor) (January 15, 2011) The bicycle is both a ... A막icycle말s a relatively easy to repair machine. It lends itself to repair..."
,The막icycle말s a simple solution to some of the worlds most complicated problems. The bicycle is the most efficient form of human transportation. It can combat...
,"the막icycle말s a simple solution. By. anonymous. July 2, 2012 Posted in: cool, meme, misc, tech Prev Random Next. the bicycle is a simple solution."
,The막icycle말s a curious vehicle. Its passenger is its engine. ~John Howard It would not be at all strange if history came to the conclusion that...
,The막icycle말s a simple solution to some of the worlds most complicated problems. The bicycle is the most efficient form of human transportation. It can combat...
,"When a simple cough is enough to bring tears to your eyes, riding a막icycle말s a long shot. ... The bicycle is a freedom machine for the people."
,The막icycle말s a curious vehicle. Its passenger is its engine. ~John Howard It would not be at all strange if history came to the conclusion that...
,A막icycle말s defined as a vehicle by the Road Traffic Act. Read more. DOES YOUR BIKE HELMET MEET AUSTRALIAN STANDARDS?
,"When a simple cough is enough to bring tears to your eyes, riding a막icycle말s a long shot. ... The bicycle is a freedom machine for the people."
,Vehicular Status The막icycle말s defined as a vehicle. [340.01(5)] The operator of a vehicle is granted the same rights and subject to the same duties as the...
,A막icycle말s defined as a vehicle by the Road Traffic Act. Read more. DOES YOUR BIKE HELMET MEET AUSTRALIAN STANDARDS?
,"A막icycle말s defined as every two- or three- wheeled device upon which a person or persons may ride, propelled by human power through a belt, a chain or..."
,Vehicular Status The막icycle말s defined as a vehicle. [340.01(5)] The operator of a vehicle is granted the same rights and subject to the same duties as the...
,"(A막icycle말s defined as ""every device propelled solely by human power upon which a person or persons may ride, having two tandem wheels either of which is..."
,"A막icycle말s defined as every two- or three- wheeled device upon which a person or persons may ride, propelled by human power through a belt, a chain or..."
,"A막icycle말s defined as every two- or three- wheeled device upon which a person or persons may ride, propelled by human power through a..."
,A막icycle말s defined as a vehicle in Georgia. Relevant state laws referenced in brackets. A bicycle with an electric helper motor is included in this definition.
,"(A막icycle말s defined as ""every device propelled solely by human power upon which a person or persons may ride, having two tandem wheels either of which is..."
,"For the purposes of this Chapter, a막icycle말s defined as any two- (2-) wheeled vehicle having a tandem arrangement of the wheels and having cranks, levers,..."
,"A막icycle말s defined as every two- or three- wheeled device upon which a person or persons may ride, propelled by human power through a..."
,A막icycle말s defined as a vehicle and is governed by a uniform set of rules common to all vehicles and a small set of specific rules for bicycles.
,A막icycle말s defined as a vehicle in Georgia. Relevant state laws referenced in brackets. A bicycle with an electric helper motor is included in this definition.
,"A막icycle말s defined as a device propelled solely by human power, upon which a person may ride either on or astride a regular seat attached thereto, having two..."
,"For the purposes of this Chapter, a막icycle말s defined as any two- (2-) wheeled vehicle having a tandem arrangement of the wheels and having cranks, levers,..."
,Comment: A막icycle말s defined as a vehicle and thus is governed by a uniform set of rules common to all vehicles and a small set of specific rules for bicycles.
,A막icycle말s defined as a vehicle and is governed by a uniform set of rules common to all vehicles and a small set of specific rules for bicycles.
,"In law, a막icycle말s defined as a carriage for use on the highway but cyclists are not in charge of 'mechanically-propelled' vehicles so, in law,..."
,"A막icycle말s defined as a device propelled solely by human power, upon which a person may ride either on or astride a regular seat attached thereto, having two..."
,"A막icycle말s defined as ""Every device propelled by human power upon which any person may ride, having two tandem wheels except scooters..."
,Comment: A막icycle말s defined as a vehicle and thus is governed by a uniform set of rules common to all vehicles and a small set of specific rules for bicycles.
,"A막icycle말s defined as ""a vehicle with two wheels in tandem, usually propelled by pedals connected to the rear wheel by a chain, and having handlebars for..."
,"In law, a막icycle말s defined as a carriage for use on the highway but cyclists are not in charge of 'mechanically-propelled' vehicles so, in law,..."
,"In law, a막icycle말s defined as a carriage for use on the highway, but cyclists are not in charge of 'mechanically propelled' vehicles so, in law,..."
,"A막icycle말s defined as ""Every device propelled by human power upon which any person may ride, having two tandem wheels except scooters..."
,"In this same law, a막icycle말s defined as ""every vehicle propelled solely by human power, and every motorized bicycle propelled by a..."
,"A막icycle말s defined as ""a vehicle with two wheels in tandem, usually propelled by pedals connected to the rear wheel by a chain, and having handlebars for..."
,"A막icycle말s defined as a vehicle in the Texas Transportation code (Section 551.101(a)). As such, a person operating a bicycle has both the..."
,"In law, a막icycle말s defined as a carriage for use on the highway, but cyclists are not in charge of 'mechanically propelled' vehicles so, in law,..."
,A막icycle말s defined as a vehicle by the Road Traffic Act. Therefore cyclists must obey all road rules just like any drivers of motor vehicles.
,"In this same law, a막icycle말s defined as ""every vehicle propelled solely by human power, and every motorized bicycle propelled by a..."
,"A막icycle말s defined as a vehicle in the Texas Transportation code (Section 551.101(a)). As such, a person operating a bicycle has both the same rights and..."
,"A막icycle말s defined as a vehicle in the Texas Transportation code (Section 551.101(a)). As such, a person operating a bicycle has both the..."
,Vehicular Status-The막icycle말s defined as a vehicle. The operator of a vehi- cle is granted the same rights and subject to the same duties as the driver of.
,A막icycle말s defined as a vehicle by the Road Traffic Act. Therefore cyclists must obey all road rules just like any drivers of motor vehicles.
,Vehicular Status-The막icycle말s defined as a vehicle. The operator of a vehi- cle is granted the same rights and subject to the same duties as the driver of.
,"A막icycle말s defined as a vehicle in the Texas Transportation code (Section 551.101(a)). As such, a person operating a bicycle has both the same rights and..."
,"A막icycle말s defined as a vehicle under the Highway Traffic Act. As such, the bylaw states that you must not drive a vehicle on a sidewalk in the City of Sault Ste."
,Vehicular Status-The막icycle말s defined as a vehicle. The operator of a vehi- cle is granted the same rights and subject to the same duties as the driver of.
,Download royalty-free A막icycle말s an eco-friendly transportation solution for businessman who is going green. stock video 26641487 from...
,Vehicular Status-The막icycle말s defined as a vehicle. The operator of a vehi- cle is granted the same rights and subject to the same duties as the driver of.
,"The막icycle말s an integral part of the sustainability strategy of many cities, but as its popularity as a mode of transport increases, so does the..."
,"A막icycle말s defined as a vehicle under the Highway Traffic Act. As such, the bylaw states that you must not drive a vehicle on a sidewalk in the City of Sault Ste."
,"A막icycle말s an array of moving, adjustable parts fixed to a frame. The human body is not an obvious match for such a machine. It takes a professional bike fitting..."
,Download royalty-free A막icycle말s an eco-friendly transportation solution for businessman who is going green. stock video 26641487 from...
,"""The막icycle말s an enormously efficient vehicle,"" said Ed Benjamin, managing director of eCycleElectric, a consulting firm to the light electric..."
,"The막icycle말s an integral part of the sustainability strategy of many cities, but as its popularity as a mode of transport increases, so does the..."
,"A막icycle말s an array of moving, adjustable parts fixed to a frame. The human body is not an obvious match for such a machine. It takes a professional bike fitting..."
,"A막icycle말s an array of moving, adjustable parts fixed to a frame. The human body is not an obvious match for such a machine. It takes a professional bike fitting..."
,A막icycle말s an excellent way to get around Cambridge and the region. Short trips are ideal for bicycles and going by bike is often the fastest way to get from door...
,"""The막icycle말s an enormously efficient vehicle,"" said Ed Benjamin, managing director of eCycleElectric, a consulting firm to the light electric..."
,"In fact, very few things we buy are even serviceable. The막icycle말s an exception. Over 100 years of bicycle innovation has led us to this place... a place where..."
,"A막icycle말s an array of moving, adjustable parts fixed to a frame. The human body is not an obvious match for such a machine. It takes a professional bike fitting..."
,"A막icycle말s an enjoyable and green means of transport to cover distances based on your own abilities, having the opportunity to stop wherever..."
,A막icycle말s an excellent way to get around Cambridge and the region. Short trips are ideal for bicycles and going by bike is often the fastest way to get from door...
,"The막icycle말s an inspirational part of Vance's life. He believes that mountain biking brings families together, and gives high school students self confidence,..."
,"In fact, very few things we buy are even serviceable. The막icycle말s an exception. Over 100 years of bicycle innovation has led us to this place... a place where..."
,"The막icycle말s an efficient, non-polluting mode of transportation that is good for your health and provides many free perks. The event features an..."
,"A막icycle말s an enjoyable and green means of transport to cover distances based on your own abilities, having the opportunity to stop wherever..."
,"For Sharkey, a young man in California, the막icycle말s an escape from the gangs that consume so many of his peers. With My Own Two Wheels weaves together..."
,"The막icycle말s an inspirational part of Vance's life. He believes that mountain biking brings families together, and gives high school students self confidence,..."
,"A막icycle말s an easy and convenient way to move around Central Puget Sound. A network of regional trails, easily accessible bicycle facilities, and convenient..."
,"The막icycle말s an efficient, non-polluting mode of transportation that is good for your health and provides many free perks. The event features an..."
,"WHEREAS: The막icycle말s an economical, healthy, convenient, and environmentally sound form of transportation and an excellent tool for..."
,"For Sharkey, a young man in California, the막icycle말s an escape from the gangs that consume so many of his peers. With My Own Two Wheels weaves together..."
,Bicycle rental. A막icycle말s an extremely popular form of transportation in Joensuu during the whole year and there are plenty of cycle tracs. Bicycles can be...
,"A막icycle말s an easy and convenient way to move around Central Puget Sound. A network of regional trails, easily accessible bicycle facilities, and convenient..."
,the_bike_maintenance_manual. A막icycle말s an industrial revolution in an individual's life. Learn More World Bicycle Relief World Bicycle Relief/Qhubeka/.
,"WHEREAS: The막icycle말s an economical, healthy, convenient, and environmentally sound form of transportation and an excellent tool for..."
,The막icycle말s an excellent way to get around and see our region from a new perspective. The planning team has created several regional cycling events.
,Bicycle rental. A막icycle말s an extremely popular form of transportation in Joensuu during the whole year and there are plenty of cycle tracs. Bicycles can be...
,Remember: a막icycle말s an elegant and efficient tool designed for seeking out and defeating people who aren't as good as you. If you want to...
,the_bike_maintenance_manual. A막icycle말s an industrial revolution in an individual's life. Learn More World Bicycle Relief World Bicycle Relief/Qhubeka/.
,A막icycle말s any two or three-wheeled non-motorized (human-propelled) vehicle that is pedaled and used for transportation. 1.2 Small motorized stand-on...
,The막icycle말s an excellent way to get around and see our region from a new perspective. The planning team has created several regional cycling events.
,A막icycle말s any two- or three-wheeled device propelled by human power upon which a person may sit. This definition includes those vehicles as noted by the...
,Remember: a막icycle말s an elegant and efficient tool designed for seeking out and defeating people who aren't as good as you. If you want to...
,"A막icycle말s any vehicle propelled solely by human power, and having two or more wheels, except children's tricycles. In North Carolina, a..."
,A막icycle말s any two or three-wheeled non-motorized (human-propelled) vehicle that is pedaled and used for transportation. 1.2 Small motorized stand-on...
,"A막icycle말s any pedal-driven, two-wheeled convey- ance propelled by human power. Bicycles revolutio- nized transport during the 1800s, becoming the first."
,A막icycle말s any two- or three-wheeled device propelled by human power upon which a person may sit. This definition includes those vehicles as noted by the...
,A. DEFINITION: A막icycle말s any device designated to travel on two nor more than three wheels and propelled by human power. B. All persons owning or riding...
,"A막icycle말s any vehicle propelled solely by human power, and having two or more wheels, except children's tricycles. In North Carolina, a..."
,A막icycle말s any element (; x) Bm in which is a cycle and xj = 1 if (j) = j. Two bicycles are called disjoint if their respective permutation parts are disjoint in.
,"A막icycle말s any pedal-driven, two-wheeled convey- ance propelled by human power. Bicycles revolutio- nized transport during the 1800s, becoming the first."
,"A막icycle말s any pedal cycle capable of use on the public road, but not children's bicycles or tricycles that are intended as toys. 'Other' modes depend on the..."
,A. DEFINITION: A막icycle말s any device designated to travel on two nor more than three wheels and propelled by human power. B. All persons owning or riding...
,"A막icycle말s any two or three-wheeled, human-powered vehicle. Skateboards, roller-skates and rollers blades do not fall under this category and are hence not..."
,A막icycle말s any element (; x) Bm in which is a cycle and xj = 1 if (j) = j. Two bicycles are called disjoint if their respective permutation parts are disjoint in.
,"A막icycle말s any pedal cycle capable of use on the public road, but not children's bicycles or tricycles that are intended as toys. 'Other' modes depend on the..."
,"A막icycle말s any pedal cycle capable of use on the public road, but not children's bicycles or tricycles that are intended as toys. 'Other' modes depend on the..."
,"A막icycle말s any pedal cycle capable of use on the public road, but not children's bicycles or tricycles that are intended as toys. 'Other' modes depend on the..."
,"A막icycle말s any two or three-wheeled, human-powered vehicle. Skateboards, roller-skates and rollers blades do not fall under this category and are hence not..."
,"A막icycle말s any two- or three-wheeled, human-powered vehicle. Skateboards, roller-skates and rollers blades do not fall under this category and are hence not..."
,"A막icycle말s any pedal cycle capable of use on the public road, but not children's bicycles or tricycles that are intended as toys. 'Other' modes depend on the..."
,A막icycle말s any two- or three-wheeled device propelled by human power upon which a person may sit. This definition includes those vehicles as noted by the...
,"Depending upon who you ask, the막icycle말s any of one of these things, and all of these things at once. Given this situation, I am necessarily..."
,"A막icycle말s any pedal cycle capable of use on the public road, but not children's bicycles or tricycles that are intended as toys. 'Other' modes depend on the..."
,"A막icycle말s any two- or three-wheeled, human-powered vehicle. Skateboards, roller-skates and rollers blades do not fall under this category and are hence not..."
,5. BICYCLE REGULATIONS. 5.1. DEFINITION: A막icycle말s any device designated to travel on two no more than three wheels and to move by human power. 5.2.
,"A. A막icycle말s any device propelled solely by human power upon which any person or persons may ride, having a seat or saddle for the use of each rider and: 1."
,A막icycle말s any two- or three-wheeled device propelled by human power upon which a person may sit. This definition includes those vehicles as noted by the...
,"Depending upon who you ask, the막icycle말s any of one of these things, and all of these things at once. Given this situation, I am necessarily..."
,A막icycle말s any two-wheeled vehicle that is driven only by pedaling. An electrically assisted bicycle or e-bike is thus not a bicycle but an ultra-light motorcycle...
,ABSTRACT: The막icycle말s characterized by an inclined front wheel fork and handle bar. The frame of the bicycle inclines downwardly from the front wheel fork...
,5. BICYCLE REGULATIONS. 5.1. DEFINITION: A막icycle말s any device designated to travel on two no more than three wheels and to move by human power. 5.2.
,"A. A막icycle말s any device propelled solely by human power upon which any person or persons may ride, having a seat or saddle for the use of each rider and: 1."
,A막icycle맋escribed as a trick bike was stolen from East Idaho Street on Friday. A white rat was hanging around a Financial Drive building.
,I wouldn't call that as a bicycle if it is powered by petrol or electronics. A막icycle맋efined as pedal power. Motor definition says that it is powered.
,A막icycle말s any two-wheeled vehicle that is driven only by pedaling. An electrically assisted bicycle or e-bike is thus not a bicycle but an ultra-light motorcycle...
,"In 1873, a막icycle맒nown as the ``high-wheeler`` was introduced in England. The front wheel was as tall as a man and the back wheel was..."
,ABSTRACT: The막icycle말s characterized by an inclined front wheel fork and handle bar. The frame of the bicycle inclines downwardly from the front wheel fork...
,Hardly Strictly Bluegrass: Bicycle is the way to govisit|bicycle-2234-post-3440|bicycle-2234-recent|3 Detail of the route. Click to download the...
,A막icycle맋escribed as a trick bike was stolen from East Idaho Street on Friday. A white rat was hanging around a Financial Drive building.
,I wouldn't call that as a bicycle if it is powered by petrol or electronics. A막icycle맋efined as pedal power. Motor definition says that it is powered.
,"In 1873, a막icycle맒nown as the ``high-wheeler`` was introduced in England. The front wheel was as tall as a man and the back wheel was..."
,Hardly Strictly Bluegrass: Bicycle is the way to govisit|bicycle-2234-post-3440|bicycle-2234-recent|3 Detail of the route. Click to download the...
,
,
,
,
,
,
,
,
,
,
,
,
,
,
,
,
,
,
,
,
